{
  "v": "4.8.0",
  "meta": { "g": "LottieFiles AE 1.1.0", "a": "", "k": "", "d": "", "tc": "" },
  "fr": 29.9700012207031,
  "ip": 0,
  "op": 60.0000024438501,
  "w": 900,
  "h": 900,
  "nm": "Icon",
  "ddd": 0,
  "assets": [],
  "layers": [
    {
      "ddd": 0,
      "ind": 1,
      "ty": 4,
      "nm": "tick",
      "sr": 1,
      "ks": {
        "o": { "a": 0, "k": 100, "ix": 11 },
        "r": { "a": 0, "k": 0, "ix": 10 },
        "p": { "a": 0, "k": [443, 437, 0], "ix": 2 },
        "a": { "a": 0, "k": [0, 0, 0], "ix": 1 },
        "s": { "a": 0, "k": [100, 100, 100], "ix": 6 }
      },
      "ao": 0,
      "shapes": [
        {
          "ty": "gr",
          "it": [
            {
              "ind": 0,
              "ty": "sh",
              "ix": 1,
              "ks": {
                "a": 0,
                "k": {
                  "i": [
                    [0, 0],
                    [0, 0],
                    [0, 0]
                  ],
                  "o": [
                    [0, 0],
                    [0, 0],
                    [0, 0]
                  ],
                  "v": [
                    [-23.034, -10.356],
                    [-1.886, 10.878],
                    [19.87, -10.878]
                  ],
                  "c": false
                },
                "ix": 2
              },
              "nm": "Path 1",
              "mn": "ADBE Vector Shape - Group",
              "hd": false
            },
            {
              "ty": "st",
              "c": {
                "a": 0,
                "k": [1, 0.6862745098039216, 0.18823529411764706, 1],
                "ix": 3
              },
              "o": { "a": 0, "k": 100, "ix": 4 },
              "w": { "a": 0, "k": 4, "ix": 5 },
              "lc": 1,
              "lj": 1,
              "ml": 4,
              "bm": 0,
              "nm": "Stroke 1",
              "mn": "ADBE Vector Graphic - Stroke",
              "hd": false
            },
            {
              "ty": "tr",
              "p": { "a": 0, "k": [0, 0], "ix": 2 },
              "a": { "a": 0, "k": [0, 0], "ix": 1 },
              "s": { "a": 0, "k": [272.826, 272.826], "ix": 3 },
              "r": { "a": 0, "k": 0, "ix": 6 },
              "o": { "a": 0, "k": 100, "ix": 7 },
              "sk": { "a": 0, "k": 0, "ix": 4 },
              "sa": { "a": 0, "k": 0, "ix": 5 },
              "nm": "Transform"
            }
          ],
          "nm": "Shape 1",
          "np": 3,
          "cix": 2,
          "bm": 0,
          "ix": 1,
          "mn": "ADBE Vector Group",
          "hd": false
        },
        {
          "ty": "tm",
          "s": {
            "a": 1,
            "k": [
              {
                "i": { "x": [0.667], "y": [1] },
                "o": { "x": [0.333], "y": [0] },
                "t": 15,
                "s": [0]
              },
              {
                "i": { "x": [0.667], "y": [1] },
                "o": { "x": [0.333], "y": [0] },
                "t": 22,
                "s": [67]
              },
              { "t": 31.0000012626559, "s": [36] }
            ],
            "ix": 1
          },
          "e": {
            "a": 1,
            "k": [
              {
                "i": { "x": [0.667], "y": [1] },
                "o": { "x": [0.333], "y": [0] },
                "t": 15,
                "s": [0]
              },
              {
                "i": { "x": [0.667], "y": [1] },
                "o": { "x": [0.333], "y": [0] },
                "t": 22,
                "s": [100]
              },
              { "t": 31.0000012626559, "s": [83] }
            ],
            "ix": 2
          },
          "o": { "a": 0, "k": 0, "ix": 3 },
          "m": 1,
          "ix": 2,
          "nm": "Trim Paths 1",
          "mn": "ADBE Vector Filter - Trim",
          "hd": false
        }
      ],
      "ip": 0,
      "op": 60.0000024438501,
      "st": 0,
      "bm": 0
    },
    {
      "ddd": 0,
      "ind": 2,
      "ty": 4,
      "nm": "circle",
      "sr": 1,
      "ks": {
        "o": { "a": 0, "k": 100, "ix": 11 },
        "r": { "a": 0, "k": -154.446, "ix": 10 },
        "p": { "a": 0, "k": [450, 450, 0], "ix": 2 },
        "a": { "a": 0, "k": [0, 0, 0], "ix": 1 },
        "s": { "a": 0, "k": [100, 100, 100], "ix": 6 }
      },
      "ao": 0,
      "shapes": [
        {
          "ty": "gr",
          "it": [
            {
              "ind": 0,
              "ty": "sh",
              "ix": 1,
              "ks": {
                "a": 0,
                "k": {
                  "i": [
                    [0, -15.002],
                    [15.002, 0],
                    [0, 15.001],
                    [-15.001, 0]
                  ],
                  "o": [
                    [0, 15.001],
                    [-15.001, 0],
                    [0, -15.002],
                    [15.002, 0]
                  ],
                  "v": [
                    [27.163, 0],
                    [0, 27.163],
                    [-27.163, 0],
                    [0, -27.163]
                  ],
                  "c": true
                },
                "ix": 2
              },
              "nm": "Path 1",
              "mn": "ADBE Vector Shape - Group",
              "hd": false
            },
            {
              "ty": "st",
              "c": {
                "a": 0,
                "k": [
                  0.38823529411764707, 0.3568627450980392, 0.996078431372549, 1
                ],
                "ix": 3
              },
              "o": { "a": 0, "k": 100, "ix": 4 },
              "w": { "a": 0, "k": 4, "ix": 5 },
              "lc": 1,
              "lj": 1,
              "ml": 4,
              "bm": 0,
              "nm": "Stroke 1",
              "mn": "ADBE Vector Graphic - Stroke",
              "hd": false
            },
            {
              "ty": "tr",
              "p": { "a": 0, "k": [0.543, 0.504], "ix": 2 },
              "a": { "a": 0, "k": [0, 0], "ix": 1 },
              "s": { "a": 0, "k": [280.982, 280.982], "ix": 3 },
              "r": { "a": 0, "k": 0, "ix": 6 },
              "o": { "a": 0, "k": 100, "ix": 7 },
              "sk": { "a": 0, "k": 0, "ix": 4 },
              "sa": { "a": 0, "k": 0, "ix": 5 },
              "nm": "Transform"
            }
          ],
          "nm": "Shape 1",
          "np": 3,
          "cix": 2,
          "bm": 0,
          "ix": 1,
          "mn": "ADBE Vector Group",
          "hd": false
        },
        {
          "ty": "tm",
          "s": {
            "a": 1,
            "k": [
              {
                "i": { "x": [0.667], "y": [1] },
                "o": { "x": [0.333], "y": [0] },
                "t": 2,
                "s": [100]
              },
              { "t": 13.0000005295009, "s": [84] }
            ],
            "ix": 1
          },
          "e": {
            "a": 1,
            "k": [
              {
                "i": { "x": [0.667], "y": [1] },
                "o": { "x": [0.333], "y": [0] },
                "t": 0,
                "s": [100]
              },
              { "t": 15.0000006109625, "s": [0] }
            ],
            "ix": 2
          },
          "o": { "a": 0, "k": 0, "ix": 3 },
          "m": 1,
          "ix": 2,
          "nm": "Trim Paths 1",
          "mn": "ADBE Vector Filter - Trim",
          "hd": false
        }
      ],
      "ip": 0,
      "op": 60.0000024438501,
      "st": 0,
      "bm": 0
    }
  ],
  "markers": []
}
